{
  "empresa": {
    "nome": "Mali Spa",
    "slogan": "Nossa missão é cuidar de você!",
    "descricao": "O Mali Spa é um refúgio de bem-estar na nossa linda João Pessoa. Um espaço para promover equilíbrio entre corpo e mente, onde cada detalhe foi pensado para proporcionar harmonia, saúde, relaxamento e vitalidade.",
    "mensagem_final": "Queremos te proporcionar momentos de relaxamento e bem-estar. Caso precise de ajuda para escolher a terapia ideal, estamos sempre à disposição."
  },
  "contato": {
    "endereco": {
      "rua": "Rua Nossa Senhora dos Navegantes, 431",
      "bairro": "Tambaú",
      "cidade": "João Pessoa",
      "estado": "PB"
    },
    "telefone": "(83) 99661-9603",
    "email": "malispabr@gmail.com",
    "instagram": "@malispabr",
    "instagram_handle": "@MALISPA_BR"
  },
  "horarios": {
    "segunda_sabado": {
      "abertura": "09:00",
      "fechamento": "20:00"
    },
    "domingo": {
      "abertura": "10:00",
      "fechamento": "18:00"
    },
    "observacao": "Todos os atendimentos são por agendamento prévio"
  },
  "cores_marca": {
    "dourado": "#C9A050",
    "marrom_escuro": "#5C4033",
    "marrom_claro": "#8B7355",
    "bege": "#F5F0E8",
    "branco": "#FFFFFF"
  },
  "servicos": {
    "day_spa": [
      {
        "id": "day-spa-mali",
        "nome": "Day Spa Mali",
        "descricao": "Uma jornada completa de relaxamento e renovação.",
        "duracao": "2h 30min",
        "preco_individual": 450.00,
        "preco_casal": 790.00,
        "inclui": [
          {
            "nome": "Ritual de Boas Vindas",
            "descricao": "Escalda-pés seguido de esfoliação e reflexologia podal"
          },
          {
            "nome": "Aromaterapia",
            "descricao": null
          },
          {
            "nome": "Massagem Sinergia Mali Spa",
            "descricao": "Combinação exclusiva de manobras firmes e precisas para aliviar tensões profundas relaxantes, que integram com o calor das pedras quentes, a suavidade dos óleos vegetais, o aroma envolvente das velas e o toque terapêutico dos óleos essenciais."
          },
          {
            "nome": "Esfoliação Costas",
            "descricao": "Com cristais e óleos vegetais"
          },
          {
            "nome": "Massagem craniofacial",
            "descricao": null
          },
          {
            "nome": "Degustação sensorial",
            "descricao": "Opção de vinho ou drink especial, frutas, nuts e chocolates."
          }
        ],
        "imagem": "day-spa-drinks.jpg"
      },
      {
        "id": "day-spa-sentir",
        "nome": "Day Spa Sentir",
        "descricao": "Uma combinação relaxamento profundo, conexão e prazer sensorial.",
        "duracao": "2h 30min",
        "preco_individual": 490.00,
        "preco_casal": 890.00,
        "inclui": [
          {
            "nome": "Ritual de Boas Vindas",
            "descricao": "Escalda-pés com rosas seguido de esfoliação e reflexologia podal"
          },
          {
            "nome": "Massagem Sinergia Mali Spa",
            "descricao": "Combinação exclusiva de manobras firmes e precisas para aliviar tensões profundas relaxantes, que integram com o calor das pedras quentes, a suavidade dos óleos vegetais, o aroma envolvente das velas e o toque terapêutico dos óleos essenciais."
          },
          {
            "nome": "Esfoliação corporal",
            "descricao": "Com rosas, cristais e óleos vegetais"
          },
          {
            "nome": "Massagem craniofacial",
            "descricao": null
          },
          {
            "nome": "Revitalização facial",
            "descricao": null
          },
          {
            "nome": "Degustação sensorial e ambientação",
            "descricao": "Rosas vermelhas ou flores campestres. Opção de vinho ou drink especial, frutas, nuts e chocolates."
          }
        ],
        "imagem": "day-spa-sentir-rosas.jpg"
      },
      {
        "id": "day-spa-aconchego",
        "nome": "Day Spa Aconchego",
        "descricao": "Um ritual restaurador que une o poder reconfortante do calor, a sutileza do toque e os benefícios dos aromas naturais.",
        "slogan": "Aconchego em forma de cuidado.",
        "duracao": "1h 30min",
        "preco_individual": 250.00,
        "preco_casal": 450.00,
        "inclui": [
          {
            "nome": "Escalda-pés de boas vindas",
            "descricao": null
          },
          {
            "nome": "Ritual de Aromaterapia",
            "descricao": null
          },
          {
            "nome": "Massagem Terapêutica Relaxante combinada com Pedras quentes",
            "descricao": null
          },
          {
            "nome": "Degustação",
            "descricao": "Chás Gourmet, Chocolate quente ou cappuccino e biscoitos finos"
          }
        ]
      },
      {
        "id": "day-spa-revitalizar",
        "nome": "Day Spa Revitalizar",
        "descricao": "Um ritual para renovar o corpo, despertar os sentidos e deixar a pele luminosa.",
        "slogan": "Leveza que se sente na pele. Cuidado que se prolonga no tempo.",
        "duracao": "1h 30min",
        "preco_individual": 250.00,
        "preco_casal": 450.00,
        "inclui": [
          {
            "nome": "Escalda-pés de boas vindas",
            "descricao": null
          },
          {
            "nome": "Ritual de Aromaterapia",
            "descricao": null
          },
          {
            "nome": "Drenagem Linfática",
            "descricao": null
          },
          {
            "nome": "Massagem relaxante Costas",
            "descricao": null
          },
          {
            "nome": "Degustação",
            "descricao": "Drink funcional Gelado e nuts"
          }
        ]
      }
    ],
    "experiences": [
      {
        "id": "experience-relax",
        "nome": "Experience Relax",
        "descricao": "Uma pausa suave para acalmar corpo e mente, com toques que despertam leveza e bem-estar.",
        "slogan": "Cuidar-se é um gesto de reconexão.",
        "duracao": "1h 30min",
        "preco_individual": 250.00,
        "preco_casal": 450.00,
        "inclui": [
          {
            "nome": "Escalda-pés",
            "descricao": "Com ervas, sais e óleos essenciais"
          },
          {
            "nome": "Aromaterapia personalizada",
            "descricao": null
          },
          {
            "nome": "Esfoliação e hidratação dos pés",
            "descricao": null
          },
          {
            "nome": "Massagem Podal",
            "descricao": null
          },
          {
            "nome": "Massagem relaxante",
            "descricao": "Com manobras suaves e contínuas para reduzir estresse, aliviar tensões musculares e proporcionar bem-estar geral."
          },
          {
            "nome": "Degustação",
            "descricao": "Chás e biscoitos finos"
          }
        ]
      },
      {
        "id": "experience-therapy",
        "nome": "Experience Therapy",
        "descricao": "Cuidado profundo e intencional para quem busca aliviar dores, tensões e reconectar-se com o próprio corpo.",
        "slogan": "O toque como gesto de cuidado.",
        "duracao": "1h 30min",
        "preco_individual": 250.00,
        "preco_casal": 450.00,
        "inclui": [
          {
            "nome": "Escalda-pés de boas vindas",
            "descricao": null
          },
          {
            "nome": "Aromaterapia",
            "descricao": null
          },
          {
            "nome": "Massagem terapêutica",
            "descricao": "Com pressão mais firme na fáscia muscular, seguida de manobras relaxantes, para tratar dores e tensões musculares."
          },
          {
            "nome": "Degustação",
            "descricao": "Chás e biscoitos finos"
          }
        ]
      }
    ],
    "massagens_terapeuticas": [
      {
        "id": "escalda-pes",
        "nome": "Escalda-pés",
        "nome_en": "Foot Reflexology",
        "duracao": "30min",
        "preco": 100.00
      },
      {
        "id": "craniofacial",
        "nome": "Craniofacial",
        "nome_en": "Craniofacial Massage",
        "duracao": "30min",
        "preco": 100.00
      },
      {
        "id": "massagem-express",
        "nome": "Massagem Express",
        "nome_en": "Massage Express",
        "duracao": "30min",
        "preco": 100.00
      },
      {
        "id": "terapeutica-relaxante",
        "nome": "Terapêutica Relaxante",
        "nome_en": "Therapeutic Relaxing",
        "opcoes": [
          {"duracao": "50min", "preco": 180.00},
          {"duracao": "80min", "preco": 200.00}
        ]
      },
      {
        "id": "pedras-quentes",
        "nome": "Pedras Quentes",
        "nome_en": "Hot Stone",
        "opcoes": [
          {"duracao": "50min", "preco": 180.00},
          {"duracao": "80min", "preco": 200.00}
        ]
      },
      {
        "id": "candle-massage",
        "nome": "Candle Massage",
        "nome_en": "Candle Massage",
        "opcoes": [
          {"duracao": "50min", "preco": 180.00},
          {"duracao": "80min", "preco": 200.00}
        ]
      },
      {
        "id": "shiatsu",
        "nome": "Shiatsu",
        "nome_en": "Shiatsu",
        "opcoes": [
          {"duracao": "50min", "preco": 200.00},
          {"duracao": "80min", "preco": 250.00}
        ]
      },
      {
        "id": "thai-massage",
        "nome": "Thai Massage",
        "nome_en": "Thai Massage",
        "opcoes": [
          {"duracao": "50min", "preco": 200.00},
          {"duracao": "80min", "preco": 250.00}
        ]
      },
      {
        "id": "ayurvedica",
        "nome": "Ayurvédica",
        "nome_en": "Ayurvedic Massage",
        "opcoes": [
          {"duracao": "50min", "preco": 200.00},
          {"duracao": "80min", "preco": 250.00}
        ]
      }
    ],
    "tratamentos": [
      {
        "id": "esfoliacao-corporal",
        "nome": "Esfoliação Corporal Revitalizante",
        "duracao": "30min",
        "preco": 180.00
      },
      {
        "id": "terapia-capilar",
        "nome": "Terapia Capilar",
        "duracao": "30min",
        "preco": 100.00
      },
      {
        "id": "drenagem-linfatica",
        "nome": "Drenagem Linfática",
        "duracao": "50min",
        "preco": 180.00
      },
      {
        "id": "dreno-sculpt",
        "nome": "Dreno Sculpt",
        "duracao": "80min",
        "preco": 250.00
      },
      {
        "id": "liberacao-miofacial-manual",
        "nome": "Liberação Miofacial Manual",
        "duracao": "50min",
        "preco": 180.00
      },
      {
        "id": "liberacao-miofacial-ventosas",
        "nome": "Liberação Miofacial com Ventosas",
        "duracao": "80min",
        "preco": 200.00
      },
      {
        "id": "quirosetai",
        "nome": "QuiroSetai",
        "opcoes": [
          {"duracao": "50min", "preco": 200.00},
          {"duracao": "80min", "preco": 250.00}
        ]
      }
    ]
  },
  "imagens": {
    "hero": {
      "arquivo": "hero-massagem.jpg",
      "descricao": "Mulher recebendo massagem relaxante com flor de orquídea no cabelo",
      "uso": "Imagem principal do site (hero section)"
    },
    "logo": {
      "arquivo": "logo-dourado.jpg",
      "descricao": "Logo Mali Spa em dourado com flor estilizada",
      "uso": "Header, footer, identidade visual"
    },
    "ambiente": {
      "arquivo": "ambiente-spa.jpg",
      "descricao": "Toalhas personalizadas Mali, vela aromática e flores frangipani",
      "uso": "Seção sobre o spa, galeria"
    },
    "day_spa_drinks": {
      "arquivo": "day-spa-drinks.jpg",
      "descricao": "Drinks especiais com frutas e nuts para degustação sensorial",
      "uso": "Seção Day Spa Mali"
    },
    "day_spa_sentir": {
      "arquivo": "day-spa-sentir-rosas.jpg",
      "descricao": "Rosas vermelhas, esfoliantes, toalhas e pétalas na maca",
      "uso": "Seção Day Spa Sentir"
    },
    "qr_codes": {
      "whatsapp": {
        "arquivo": "qr-whatsapp.jpg",
        "descricao": "QR Code WhatsApp"
      },
      "instagram": {
        "arquivo": "qr-instagram.jpg",
        "descricao": "QR Code Instagram @MALISPA_BR"
      },
      "google": {
        "arquivo": "qr-google.jpg",
        "descricao": "QR Code Página Google Business"
      }
    }
  },
  "categorias_servico": [
    {
      "nome": "Day Spa",
      "descricao": "Experiências completas de relaxamento e renovação"
    },
    {
      "nome": "Experiences",
      "descricao": "Rituais especiais para corpo e mente"
    },
    {
      "nome": "Massagens Terapêuticas",
      "descricao": "Tratamentos individuais de massagem"
    },
    {
      "nome": "Tratamentos",
      "descricao": "Cuidados específicos e especializados"
    }
  ],
  "destaques": [
    "Massagens Terapêuticas",
    "Tratamentos",
    "Banho Hammam"
  ]
}
